{
  "flowers": [
    {
      "id": "aster",
      "label": "Asters",
      "price": "$2.99",
      "text": "The name Aster comes from the Ancient Greek word meaning star, referring to the shape of the flower head.",
      "pictures": {
        "small": "aster_small.jpeg",
        "large": "aster_large.jpeg"
      },
      "wiki": "https://en.wikipedia.org/wiki/Aster_(genus)"
    },
    {
      "id": "carnation",
      "label": "Carnations",
      "price": "$1.99",
      "text": "Carnations require well-drained, neutral to slightly alkaline soil, and full sun. Examples include Gina Porto, Helen and Red Rocket",
      "pictures": {
        "small": "carnation_small.jpeg",
        "large": "carnation_large.jpeg"
      },
      "wiki": "https://en.wikipedia.org/wiki/Dianthus_caryophyllus"
    },
    {
      "id": "daffodil",
      "label": "Daffodils",
      "price": "$1.99",
      "text": "Daffodil is a common English name, sometimes used for all varieties, and commonly used by the American Daffodil Society",
      "pictures": {
        "small": "daffodil_small.jpeg",
        "large": "daffodil_large.jpeg"
      },
      "wiki": "https://en.wikipedia.org/wiki/Narcissus_(plant)"
    },
    {
      "id": "rose",
      "label": "Roses",
      "price": "$4.99",
      "text": "A rose is a woody perennial within the family Rosaceae. They form a group of erect shrubs, and climbing or trailing plants.",
      "pictures": {
        "small": "rose_small.jpeg",
        "large": "rose_large.jpeg"
      },
      "wiki": "https://en.wikipedia.org/wiki/Rose"
    },
    {
      "id": "orchid",
      "label": "Orchids",
      "price": "$10.99",
      "text": "The orchid family is a diverse and widespread family in the order Asparagales. It is one of the largest families of flowering plants.",
      "pictures": {
        "small": "orchid_small.jpeg",
        "large": "orchid_large.jpeg"
      },
      "wiki": "https://en.wikipedia.org/wiki/Orchidaceae"
    }
  ]
}
